feature_0,target
0.4967141530112327,-1.6849349233569364
-0.13826430117118466,0.02061237786847986
0.6476885381006925,-2.0760186172941313
1.5230298564080254,-4.440816286078098
-0.23415337472333597,0.8297421903309801
-0.23413695694918055,0.48737409818086336
1.5792128155073915,-4.629155812318569
0.7674347291529088,-2.3976211686887354
-0.4694743859349521,0.7348837155463436
0.5425600435859647,-1.7514726594668666
-0.46341769281246226,1.1135390681160573
-0.46572975357025687,1.6006862949257599
0.24196227156603412,-0.9337274940481471
-1.913280244657798,5.2659885663474535
-1.7249178325130328,4.665531449836198
-0.5622875292409727,1.1476323661083931
-1.0128311203344238,2.8853049702392966
0.3142473325952739,-0.9494890154907968
-0.9080240755212111,2.518265147166126
-1.4123037013352917,3.6056665231773297
1.465648768921554,-4.078636570503012
-0.22577630048653566,0.14842146597291483
0.06752820468792384,-0.2841061329795835
-1.4247481862134568,4.26086225889116
-0.5443827245251827,1.132576835132451
0.11092258970986608,-0.6375753835188476
-1.1509935774223028,3.06777287917778
0.37569801834567196,-1.374521758231487
-0.600638689918805,1.179797508913229
-0.2916937497932768,0.629099531771282
-0.6017066122293969,1.280492464367624
1.8522781845089378,-5.3589248722400615
-0.013497224737933914,-0.3560003542435387
-1.0577109289559,3.093770424403119
0.822544912103189,-2.6953853250764936
-1.2208436499710222,3.181157800950229
0.2088635950047554,-0.6388580608071412
-1.9596701238797756,5.090823990150019
-1.3281860488984305,3.594920672758905
0.19686123586912352,-0.5061573775122798
0.7384665799954104,-2.622227290909996
0.1713682811899705,-0.6584951922997239
-0.11564828238824053,0.16902428798840488
-0.3011036955892888,0.7983886350934499
-1.4785219903674274,3.727600729730107
-0.7198442083947086,1.5632788787930887
-0.4606387709597875,1.1980149298817906
1.0571222262189157,-3.143365466258947
0.3436182895684614,-1.1329186382907188
-1.763040155362734,4.8496778864375765
0.324083969394795,-1.2637255421962872
-0.38508228041631654,0.9261964640161365
-0.6769220003059587,1.764483021043648
0.6116762888408679,-2.0846903906506387
1.030999522495951,-2.755660877571162
0.9312801191161986,-2.7517693437009063
-0.8392175232226385,1.9270244963474639
-0.3092123758512146,0.7962883600634968
0.33126343140356396,-1.3429801328678015
0.9755451271223592,-2.8144218015918674
-0.47917423784528995,1.3778148475998608
-0.18565897666381712,0.1510934420849531
-1.1063349740060282,3.1141008706966606
-1.1962066240806708,3.25838523834598
0.812525822394198,-2.3459611817381796
1.356240028570823,-3.6701289761254112
-0.07201012158033385,-0.0555582461506583
1.0035328978920242,-3.201812098977051
0.36163602504763415,-1.4119236455554482
-0.6451197546051243,1.4526825331979045
0.36139560550841393,-1.2487605359499057
1.5380365664659692,-4.4958761791785715
-0.03582603910995153,-0.05357024639711718
1.564643655814006,-4.47398771592336
-2.6197451040897444,7.208098860909784
0.8219025043752238,-2.2462093609725247
0.08704706823817134,-0.509661775161418
-0.29900735046586785,1.1801236829500517
0.0917607765355023,-0.3449402285820305
-1.9875689146008928,5.244539606404068
-0.21967188783751193,0.1973331647974873
0.3571125715117464,-1.1247215490062668
1.477894044741516,-4.438551200003226
-0.5182702182736474,1.399566444276944
-0.8084936028931876,2.1729612448719178
-0.5017570435845365,1.1954560343004812
0.9154021177020741,-2.9709481542093714
0.32875110965968446,-1.4439015103777018
-0.5297602037670388,1.1999885336329812
0.5132674331133561,-1.4919703178699093
0.09707754934804039,-0.442305358670982
0.9686449905328892,-3.201453975192981
-0.7020530938773524,1.8116443406675118
-0.3276621465977682,0.7942676457069174
-0.39210815313215763,0.7228626667024526
-1.4635149481321186,3.963254836085687
0.29612027706457605,-1.036920870263606
0.26105527217988933,-1.1778967095516497
0.0051134566424609,-0.15324006315798788
-0.23458713337514742,0.5658897739722911
